title,author,genre,rating,description,image_url,cover_url
Brave New World,Aldous Huxley,Fiction,4.0,,,https://covers.openlibrary.org/b/id/8231823-M.jpg
Sapiens,Yuval Noah Harari,History,5.0,,,https://covers.openlibrary.org/b/id/8634250-M.jpg
Clean Code,Robert C. Martin,Programming,4.0,,,https://covers.openlibrary.org/b/id/8065615-M.jpg
The Old Man and the Sea,Ernest Hemingway,Literary Fiction,4.5,"A seasoned Cuban fisherman, Santiago, battles a giant marlin far out in the Gulf Stream, testing his endurance and skill. The novella explores themes of perseverance, dignity, and the human struggle against nature.",,https://covers.openlibrary.org/b/id/463307-M.jpg
Night Circus,Erin Morgenstern,Fantasy,4.5,"A mysterious circus that appears without warning becomes the stage for a fierce competition between two young illusionists, who are bound to each other by a pact made before their birth. The novel weaves themes of love, destiny, and the blurred line between reality and enchantment as the circus travels across continents, enchanting audiences with its otherworldly wonders.",,https://covers.openlibrary.org/b/id/8773134-M.jpg
A Short History of Nearly Everything,Bill Bryson,Popular Science,4.5,"Bill Bryson takes readers on a sweeping tour of the universe, from the Big Bang to the present, weaving scientific facts with humor and personal anecdotes. The book explores the development of scientific ideas, the people behind them, and the profound impact of science on everyday life.",,https://covers.openlibrary.org/b/id/12725620-M.jpg
To Kill a Mockingbird,Harper Lee,Southern Gothic,4.8,"Set in the racially divided town of Maycomb, Alabama, the novel follows young Scout Finch as her father, Atticus, defends a black man unjustly accused of rape, exposing deep-seated prejudice. Through Scout's eyes, the story explores themes of moral growth, empathy, and the loss of innocence.",,https://covers.openlibrary.org/b/id/14351077-M.jpg
Pride and Prejudice,Jane Austen,Classic Romance,4.5,"Set in early 19th-century England, the novel follows Elizabeth Bennet as she navigates societal expectations, family dynamics, and her evolving relationship with the proud Mr. Darcy. Through wit and keen social observation, Austen explores themes of class, marriage, and the importance of personal growth.",,https://covers.openlibrary.org/b/id/14348537-M.jpg
Dracula,Bram Stoker,Gothic Horror,4.2,"Count Dracula, a Transylvanian vampire, travels to England to spread his undead curse, while a group of friends led by Jonathan Harker and Mina Harker fight to thwart his plans. The novel explores themes of fear of the unknown, the clash between modern science and ancient superstition, and the dangers of unchecked desire.",,https://covers.openlibrary.org/b/id/12216503-M.jpg
The Trial,Franz Kafka,Dystopian Fiction,4.2,"The novel follows Josef K., a seemingly ordinary clerk who is arrested and prosecuted by a mysterious, labyrinthine bureaucracy for an unspecified crime, illustrating the absurdity and alienation of modern society. Through his futile attempts to navigate the opaque legal system, Kafka explores themes of guilt, powerlessness, and the existential dread of confronting an indifferent, authoritarian world.",,https://covers.openlibrary.org/b/id/6636110-M.jpg
The Psychology of Money,Morgan Housel,Personal Finance,4.5,"The book weaves together personal anecdotes, historical case studies, and behavioral economics to explain how our perceptions of money shape our decisions. It challenges conventional wisdom about wealth, risk, and luck, urging readers to adopt a long‑term, psychologically informed approach to financial success.",,https://covers.openlibrary.org/b/id/10389354-M.jpg
Beloved,Toni Morrison,Historical Fiction,4.5,"Set after the American Civil War, the novel follows Sethe, a former slave who is haunted by the ghost of her dead child, as she struggles to reconcile her past with her present. Themes of memory, motherhood, and the lingering trauma of slavery are explored through lyrical prose and haunting symbolism.",,https://covers.openlibrary.org/b/id/8261367-M.jpg
Snow,Orson Scott Card,Science Fiction,4.0,"In a future where snow is a scarce commodity, a young boy named Snow is recruited by a secret organization to become a ""snowman""—a soldier who can survive in the harsh, frozen wastelands. The novel explores themes of survival, loyalty, and the moral complexities of war, as Snow navigates a world where the very climate is a weapon.",,https://covers.openlibrary.org/b/id/392508-M.jpg
The Color Purple,Alice Walker,Historical Fiction,4.5,"The novel follows Celie, an African American woman in the early 20th-century South, as she overcomes abuse and finds her voice through letters to God and her sister. Themes of resilience, sisterhood, and the transformative power of self-acceptance are woven into a poignant exploration of race, gender, and spirituality.",,https://covers.openlibrary.org/b/id/8564628-M.jpg
"Thinking, Fast and Slow",Daniel Kahneman,Psychology,4.5,"In ""Thinking, Fast and Slow,"" Daniel Kahneman explores the dual-system theory of the human mind, contrasting the fast, intuitive, and emotional system with the slow, deliberative, and logical one. The book examines how these systems shape our judgments, decisions, and everyday behavior, revealing the cognitive biases that often lead us astray.",,https://covers.openlibrary.org/b/id/13290711-M.jpg
The 7 Habits of Highly Effective People,Stephen R. Covey,Self-Help / Personal Development,4.5,"Stephen Covey outlines seven core habits that empower individuals to achieve personal and professional effectiveness, emphasizing principles such as proactivity and synergy. The book blends timeless wisdom with practical exercises, encouraging readers to align their actions with a character-based ethic for lasting success.",,https://covers.openlibrary.org/b/id/10079937-M.jpg
The Giver,Lois Lowry,Young Adult Dystopian,4.5,"In a seemingly perfect society, a boy named Jonas is chosen to receive the memories of the past, revealing the hidden pain behind the community's enforced sameness. The novel explores themes of individuality, memory, and the cost of a utopian illusion.",,https://covers.openlibrary.org/b/id/8352502-M.jpg
The Name of the Wind,Patrick Rothfuss,Fantasy,4.5,"A gifted orphan named Kvothe rises from a traveling troupe to a legendary figure, chronicling his adventures and the mysteries of the world in a lyrical, first-person narrative. Themes of memory, the power of storytelling, and the cost of ambition intertwine as he seeks knowledge and vengeance in a richly detailed, mythic setting.",,https://covers.openlibrary.org/b/id/11480483-M.jpg
The Secret History,Donna Tartt,Literary Fiction,4.2,"A small group of elite college students in Vermont become entangled in a murder that forces them to confront the moral consequences of their privileged lives. The novel explores themes of friendship, guilt, and the seductive allure of intellectual elitism.",,https://covers.openlibrary.org/b/id/744854-M.jpg
Divergent,Veronica Roth,Young Adult / Dystopian,4.2,"In a fractured Chicago society divided into five factions, 16‑year‑old Tris Prior discovers she is Divergent, a rare individual who does not fit neatly into any one group. As she navigates political intrigue, betrayal, and her own identity, the novel explores themes of conformity, resistance, and the power of choice.",,https://covers.openlibrary.org/b/id/13274634-M.jpg
The Catcher in the Rye,J.D. Salinger,Coming-of-age Fiction,4.2,"The novel follows 16-year-old Holden Caulfield as he recounts his experiences in New York City after being expelled from prep school, exploring themes of alienation, innocence, and the phoniness of adult society. Through Holden's cynical narration, the story examines the painful transition from adolescence to adulthood and the search for authenticity in a world that often feels superficial.",,https://covers.openlibrary.org/b/id/9273490-M.jpg
The Hobbit,J.R.R. Tolkien,Fantasy,4.5,"Bilbo Baggins, a reluctant hobbit, embarks on a perilous quest to reclaim a lost dwarven kingdom from the dragon Smaug, guided by the wizard Gandalf and a band of dwarves. The novel explores themes of adventure, courage, and the transformative power of unexpected heroism.",,https://covers.openlibrary.org/b/id/14627509-M.jpg
Harry Potter and the Philosopher's Stone,J.K. Rowling,Fantasy,4.5,"Harry Potter discovers he is a wizard and attends Hogwarts School of Witchcraft and Wizardry, where he learns about friendship, bravery, and the power of choice. The novel follows his first-year adventures as he confronts the dark wizard Voldemort and uncovers the mystery of the Philosopher's Stone.",,https://covers.openlibrary.org/b/id/15155833-M.jpg
Life of Pi,Yann Martel,Adventure,4.2,"A young Indian boy named Pi is shipwrecked in the Pacific Ocean and finds himself stranded on a lifeboat with a Bengal tiger, a zebra, a hyena, and an orangutan. The novel explores themes of faith, survival, storytelling, and the blurred line between reality and imagination.",,https://covers.openlibrary.org/b/id/12840573-M.jpg
Fahrenheit 451,Ray Bradbury,Dystopian fiction,4.5,"Set in a future society where books are banned, the novel follows Guy Montag, a fireman who burns books, as he becomes disillusioned and rebels against the oppressive regime. Themes of censorship, the power of knowledge, and the dangers of state control are explored through Montag’s awakening and the novel’s chilling depiction of a society that values conformity over critical thought.",,https://covers.openlibrary.org/b/id/12993656-M.jpg
The Picture of Dorian Gray,Oscar Wilde,Gothic fiction,4.5,"A young man, Dorian Gray, sells his soul to preserve his beauty, while his portrait ages and records his sins. The novel explores themes of aestheticism, moral duplicity, and the consequences of living a life of hedonism.",,https://covers.openlibrary.org/b/id/14314858-M.jpg
Little Women,Louisa May Alcott,Classic Fiction,4.5,"The novel follows the March sisters—Meg, Jo, Beth, and Amy—as they navigate the challenges of growing up, love, and family during the Civil War era, ultimately discovering the value of resilience, independence, and sisterhood. Themes of ambition, gender roles, and the pursuit of personal fulfillment are woven into their everyday struggles and triumphs.",,https://covers.openlibrary.org/b/id/8775559-M.jpg
Les Misérables,Victor Hugo,Historical Fiction,4.5,"Set in 19th-century France, the novel follows ex-convict Jean Valjean as he seeks redemption while being relentlessly pursued by the lawman Javert. Through its sweeping narrative, it explores themes of justice, compassion, and the enduring struggle between oppression and hope.",,https://covers.openlibrary.org/b/id/12721865-M.jpg
Crime and Punishment,Fyodor Dostoevsky,Philosophical novel,4.5,"Raskolnikov, a former student living in St. Petersburg, murders a pawnbroker and her sister, believing he can transcend moral law. The novel explores guilt, redemption, and the psychological torment that follows his crime, ultimately questioning the nature of justice and humanity.",,https://covers.openlibrary.org/b/id/10040573-M.jpg
The Shining,Stephen King,Horror,4.5,"A family moves into an isolated hotel where the father, Jack Torrance, becomes increasingly influenced by supernatural forces, leading to a terrifying struggle for survival. The novel explores themes of isolation, the fragility of sanity, and the destructive power of familial bonds.",,https://covers.openlibrary.org/b/id/12376585-M.jpg
Ready Player One,Ernest Cline,Science Fiction,4.5,"In a dystopian future, Wade Watts embarks on a virtual treasure hunt in the OASIS, a sprawling digital universe, to claim the legacy of its creator. The novel explores themes of nostalgia, corporate control, and the power of community in a hyperconnected world.",,https://covers.openlibrary.org/b/id/8737626-M.jpg
Foundation,Isaac Asimov,Science Fiction,4.5,"Set in a far future where a vast Galactic Empire is on the brink of collapse, the story follows mathematician Hari Seldon as he predicts the fall and attempts to preserve knowledge through the Foundation. Themes of deterministic history, the rise and fall of civilizations, and the power of science and foresight are explored.",,https://covers.openlibrary.org/b/id/14612610-M.jpg
"I, Robot",Isaac Asimov,Science Fiction,4.5,"I, Robot is a collection of interlinked short stories that explore the ethical and societal implications of robotics through the lens of Asimov's Three Laws. The narrative examines human-robot interactions, the limits of artificial intelligence, and the moral dilemmas that arise when machines gain autonomy.",,https://covers.openlibrary.org/b/id/12385229-M.jpg
Do Androids Dream of Electric Sheep?,Philip K. Dick,Science Fiction,4.2,"In a post‑apocalyptic future, bounty hunter Rick Deckard hunts down rogue androids that mimic humans, raising questions about identity and empathy. The novel explores the moral implications of artificial life, the value of authenticity, and the blurred line between human and machine.",,https://covers.openlibrary.org/b/id/207515-M.jpg
The Left Hand of Darkness,Ursula K. Le Guin,Science Fiction,4.5,"A lone envoy from Earth, Genly Ai, arrives on the planet Gethen to negotiate a political alliance, only to find its inhabitants capable of changing sex at will, challenging his preconceptions about gender and identity. Through his journey, Le Guin explores themes of empathy, cultural relativism, and the fluidity of human relationships in a society where gender is not fixed.",,https://covers.openlibrary.org/b/id/10618463-M.jpg
The Time Machine,H. G. Wells,Science Fiction,4.5,"A pioneering science fiction novel in which a Victorian scientist invents a machine that travels forward in time, revealing a dystopian future dominated by the Eloi and the Morlocks. The story explores themes of social class, evolution, and the consequences of unchecked technological progress.",,https://covers.openlibrary.org/b/id/9009316-M.jpg
The War of the Worlds,H. G. Wells,Science Fiction,4.5,"A Martian invasion of Earth triggers a desperate struggle for survival, as humanity confronts advanced alien technology and the fragility of civilization. The novel explores themes of imperialism, scientific hubris, and the resilience of the human spirit in the face of existential threat.",,https://covers.openlibrary.org/b/id/36314-M.jpg
Coraline,Neil Gaiman,Fantasy,4.5,"Coraline, a curious and brave girl, discovers a secret door in her new home that leads to an alternate reality where her parents seem perfect but hide sinister intentions. The story explores themes of bravery, identity, and the dangers of longing for an idealized world.",,https://covers.openlibrary.org/b/id/14171421-M.jpg
The Ocean at the End of the Lane,Neil Gaiman,Fantasy,4.5,"A middle-aged man returns to his childhood home and recalls a series of supernatural events that occurred when he was nine, involving a mysterious woman and a dark presence lurking beneath the earth. The novel explores memory, the loss of innocence, and the blurred line between myth and reality.",,https://covers.openlibrary.org/b/id/7258156-M.jpg
Station Eleven,Emily St. John Mandel,Post-apocalyptic fiction,4.5,"Station Eleven follows the interconnected lives of a traveling Shakespearean theater troupe and their former pop star friend as they navigate a world devastated by a pandemic, exploring how art, memory, and human connection endure amid collapse. The novel weaves past and present to examine the fragility of civilization, the power of storytelling, and the enduring hope that emerges from shared humanity.",,https://covers.openlibrary.org/b/id/7369961-M.jpg
World War Z,Max Brooks,Historical Fiction,4.2,"A global pandemic of zombies turns humanity into a desperate fight for survival, told through a series of survivor interviews. Themes of resilience, societal collapse, and the human capacity for cooperation are explored amid the chaos.",,https://covers.openlibrary.org/b/id/168106-M.jpg
Cloud Atlas,David Mitchell,Literary Fiction,4.5,"The novel weaves six interlocking stories spanning centuries, each echoing the others in themes of reincarnation, freedom, and the enduring impact of individual actions. Through its intricate structure, it explores how personal choices ripple across time, challenging readers to consider the interconnectedness of humanity.",,https://covers.openlibrary.org/b/id/6714077-M.jpg
Eleanor Oliphant Is Completely Fine,Gail Honeyman,Contemporary Fiction,4.3,"Eleanor Oliphant, a socially awkward office worker, navigates a routine life that is disrupted when she develops an unexpected friendship with a coworker, leading her to confront her traumatic past. The novel explores themes of loneliness, mental health, and the transformative power of human connection.",,https://covers.openlibrary.org/b/id/8415055-M.jpg
The Da Vinci Code,Dan Brown,Thriller,4.2,"A symbologist and cryptographer uncover a secret society's hidden truths while racing against time to solve a series of puzzles, revealing a controversial reinterpretation of Christian history. The novel blends fast‑paced action with intellectual intrigue, exploring themes of faith, conspiracy, and the power of knowledge.",,https://covers.openlibrary.org/b/id/9255229-M.jpg
The Hound of the Baskervilles,Arthur Conan Doyle,Mystery,4.5,"A detective novel that follows Sherlock Holmes and Dr. Watson as they investigate the mysterious death of Sir Charles Baskerville, uncovering a legend of a supernatural hound and a family curse. Themes of rationalism versus superstition, the power of folklore, and the dangers of unchecked greed are explored through suspenseful twists and atmospheric settings.",,https://covers.openlibrary.org/b/id/8063264-M.jpg
Angels & Demons,Dan Brown,Thriller,3.5,"A Harvard symbologist and a physicist race against time to stop a secret society from unleashing a deadly toxin on the Vatican, while unraveling a conspiracy that blurs the line between science and faith. The novel explores themes of faith versus reason, the power of secret knowledge, and the moral consequences of unchecked ambition.",,https://covers.openlibrary.org/b/id/11408459-M.jpg
The Goldfinch,Donna Tartt,Literary Fiction,4.2,"A young man named Theo Decker survives a terrorist attack at a museum, only to lose his mother and become obsessed with a stolen painting, the Goldfinch, which becomes a symbol of his longing and guilt. The novel weaves themes of loss, identity, and the transformative power of art through Theo’s tumultuous journey across New York and beyond.",,https://covers.openlibrary.org/b/id/8771366-M.jpg
Normal People,Sally Rooney,Contemporary Fiction,4.3,"The novel follows the complex relationship between Marianne and Connell as they navigate the transition from high school to university, exploring how intimacy and distance shape their identities. Themes of class, mental health, and the subtle power dynamics of love are woven through their evolving connection.",,https://covers.openlibrary.org/b/id/8794265-M.jpg
The Fault in Our Stars,John Green,Young Adult Fiction,4.5,"The novel follows Hazel Grace Lancaster, a sixteen‑year‑old cancer patient, as she meets and falls in love with Augustus Waters, a former basketball player who has also battled cancer. Together they navigate the complexities of illness, mortality, and love, ultimately confronting the idea that even in the face of tragedy, human connection can bring meaning and hope.",,https://covers.openlibrary.org/b/id/7418786-M.jpg
Looking for Alaska,John Green,Young Adult Fiction,4.3,"A college freshman, Miles ""Pudge"" Halter, enrolls at a boarding school where he meets the enigmatic Alaska Young. The novel follows his quest for meaning, the tragedy of first love, and the search for identity amid loss and self-discovery.",,https://covers.openlibrary.org/b/id/12614602-M.jpg
The Perks of Being a Wallflower,Stephen Chbosky,Young Adult Fiction,4.2,"A shy freshman navigates the complexities of high school, friendship, and first love while grappling with trauma and mental health, all conveyed through candid, letter‑written narration. The novel explores themes of identity, belonging, and the healing power of honest connection.",,https://covers.openlibrary.org/b/id/14315052-M.jpg
The Secret Garden,Frances Hodgson Burnett,Children's Literature,4.5,"A neglected orphan named Mary Lennox discovers a locked garden on her uncle’s estate and, with the help of a local boy and her sickly cousin, brings it back to life. The story explores themes of healing, friendship, and the transformative power of nature.",,https://covers.openlibrary.org/b/id/12622062-M.jpg
Matilda,Roald Dahl,Children's Literature,4.5,"Matilda is a story about a brilliant, precocious girl with telekinetic powers who overcomes neglectful parents and a tyrannical headmistress, using her intellect and magic to stand up for herself and her classmates. Themes of empowerment, the power of knowledge, resilience, and the importance of kindness drive the narrative.",,https://covers.openlibrary.org/b/id/12889769-M.jpg
The Wonderful Wizard of Oz,L. Frank Baum,Children's literature,4.5,"In a land of wonder, Dorothy and her companions journey to the Emerald City to seek the Wizard's help, only to discover that the true power lies within themselves. The story explores themes of friendship, courage, and the quest for home, blending adventure with timeless moral lessons.",,https://covers.openlibrary.org/b/id/552443-M.jpg
A Wrinkle in Time,Madeleine L. Stowe,Science Fiction,4.5,"When young Meg Murry and her brother Charles Wallace are guided by the enigmatic Mrs. Whatsit, they embark on a perilous journey through space and time to rescue their father from the clutches of the malevolent IT. The novel explores themes of love, individuality, and the battle between light and darkness, blending scientific wonder with spiritual insight.",,https://covers.openlibrary.org/b/id/8709146-M.jpg
The Wind in the Willows,Kenneth Grahame,Children's literature,4.5,"The story follows the adventures of Mole, Rat, Badger, and the mischievous Toad as they navigate the English countryside, exploring friendship, loyalty, and the dangers of unchecked ambition. Themes of pastoral nostalgia, the importance of community, and the contrast between the tranquil riverbank and the chaotic city life are woven throughout.",,https://covers.openlibrary.org/b/id/13335427-M.jpg
The Adventures of Sherlock Holmes,Arthur Conan Doyle,"Mystery, Detective Fiction",4.5,"The Adventures of Sherlock Holmes is a collection of twelve short stories featuring the detective Sherlock Holmes and his friend Dr. John Watson, who solve complex crimes through keen observation and deductive reasoning. Themes of rationality versus superstition, the power of intellect, and the social dynamics of Victorian London are explored across tales such as 'A Scandal in Bohemia' and 'The Red-Headed League'.",,https://covers.openlibrary.org/b/id/6717853-M.jpg
Robinson Crusoe,Daniel Defoe,Adventure,4.5,"A castaway named Robinson Crusoe survives on a deserted island, learning to master his environment and confront isolation. The novel explores themes of resilience, colonialism, and the human capacity for adaptation.",,https://covers.openlibrary.org/b/id/368541-M.jpg
The Road,Cormac McCarthy,Post-apocalyptic Fiction,4.5,"A father and his young son journey across a bleak, ash-covered landscape, struggling to survive while maintaining their humanity. The novel explores themes of love, hope, and the moral choices faced in a world devoid of civilization.",,https://covers.openlibrary.org/b/id/198120-M.jpg
The Road Less Traveled,M. Scott Peck,Self-Help / Psychology,4.2,"In this seminal work, Peck blends clinical insight with spiritual wisdom to explore the nature of love, discipline, and personal growth. He argues that true fulfillment requires confronting pain, embracing responsibility, and cultivating a disciplined, compassionate life.",,https://covers.openlibrary.org/b/id/4434829-M.jpg
How to Win Friends and Influence People,Dale Carnegie,Self-Help / Personal Development,4.5,"This classic self-help guide offers practical advice on interpersonal skills, emphasizing empathy, active listening, and genuine interest in others. It teaches readers how to build rapport, influence opinions, and achieve personal and professional success through positive communication.",,https://covers.openlibrary.org/b/id/13314878-M.jpg
The Immortal Life of Henrietta Lacks,Rebecca Skloot,Non-fiction / Biography / Medical History,4.5,"The book chronicles the life of Henrietta Lacks, whose cancer cells were taken without her knowledge and became the first immortal human cell line, while also exploring the ethical dilemmas of medical research and the intersection of race, class, and science. Rebecca Skloot weaves personal family history with scientific discovery, revealing how Henrietta’s legacy continues to shape modern medicine and raises questions about consent, exploitation, and the human cost of scientific progress.",,https://covers.openlibrary.org/b/id/8364866-M.jpg
Astrophysics for People in a Hurry,Neil deGrasse Tyson,Popular Science,4.5,"Astrophysics for People in a Hurry is a concise guide that distills complex cosmological concepts into bite‑sized explanations, covering the origins of the universe, the nature of dark matter, and the future of humanity in space. It emphasizes the interconnectedness of science and everyday life, encouraging readers to appreciate the awe‑inspiring scale of the cosmos while staying grounded in practical curiosity.",,https://covers.openlibrary.org/b/id/7984709-M.jpg
Never Let Me Go,Kazuo Ishiguro,Literary Fiction,4.2,"The novel follows the lives of three friends—Kathy, Tommy, and Ruth—who grow up in a mysterious boarding school and gradually uncover the grim reality of their existence as organ donors. Through their bittersweet memories and quiet defiance, Ishiguro explores themes of humanity, memory, and the ethical limits of scientific progress.",,https://covers.openlibrary.org/b/id/1047334-M.jpg
The Remains of the Day,Kazuo Ishiguro,Literary Fiction,4.5,"Set in post-World War II England, the novel follows Stevens, a devoted butler, as he reflects on a life of duty and missed opportunities while traveling across the country. Through his introspection, the story explores themes of loyalty, repression, and the cost of personal sacrifice.",,https://covers.openlibrary.org/b/id/95742-M.jpg
A Pale View of Hills,Kazuo Ishiguro,Historical Fiction,4.5,"The novel follows Noriko, a Japanese woman who emigrates to England and reflects on her past life in Hiroshima, grappling with memory and the trauma of war. Through her recollections and interactions with her new community, the story explores themes of loss, identity, and the elusive nature of truth.",,https://covers.openlibrary.org/b/id/6730644-M.jpg
The Sun Also Rises,Ernest Hemingway,Literary Fiction,4.2,"The novel follows a group of expatriates in 1920s Europe as they travel from Paris to Pamplona, chasing the thrill of bullfighting and the elusive sense of purpose. Themes of disillusionment, love, and the search for meaning amid post‑war emptiness are woven through their restless wanderings.",,https://covers.openlibrary.org/b/id/78741-M.jpg
The Age of Innocence,Edith Wharton,Historical Fiction,4.2,"Set in 1870s New York high society, the novel follows Newland Archer as he navigates the rigid social codes while falling in love with the unconventional Countess Olenska, challenging the era's expectations of marriage and propriety. Through lush prose, Wharton examines themes of duty, desire, and the constraints of class, ultimately portraying the bittersweet cost of adhering to societal norms.",,https://covers.openlibrary.org/b/id/11196262-M.jpg
The Sound and the Fury,William Faulkner,Southern Gothic,4.5,"The novel follows the decline of the Compson family in the American South through four distinct narrative voices, each revealing the family's fractured relationships and the passage of time. Themes of memory, loss, and the relentless march of history intertwine as the characters grapple with their past and the inevitable erosion of their once-proud lineage.",,https://covers.openlibrary.org/b/id/8292212-M.jpg
As I Lay Dying,William Faulkner,Southern Gothic,4.5,"The novel follows the Bundren family's arduous journey to bury their matriarch, Addie, in her hometown, revealing the family's hidden tensions and individual struggles. Through a fragmented, first-person narrative, Faulkner explores themes of death, identity, and the relentless forces of the American South.",,https://covers.openlibrary.org/b/id/9327716-M.jpg
Mrs Dalloway,Virginia Woolf,Modernist fiction,4.5,"Clarissa Dalloway prepares for a party in post‑war London, while her memories and the lives of those around her intertwine across the day. The novel explores themes of mental illness, time, and the lingering effects of war on ordinary lives.",,https://covers.openlibrary.org/b/id/6397580-M.jpg
To the Lighthouse,Virginia Woolf,Modernist Fiction,4.5,"The novel follows the Ramsay family as they travel to the Isle of Skye, interweaving their personal dramas with the passage of time. It explores themes of perception, the fluidity of memory, and the elusive nature of artistic creation.",,https://covers.openlibrary.org/b/id/8231846-M.jpg
The Member of the Wedding,Carson McCullers,Southern Gothic,4.2,"A young girl named Frankie, living in a small Southern town, feels alienated from her family and community as she navigates the complexities of adolescence and longing for belonging. The novel explores themes of identity, isolation, and the yearning for connection through Frankie's poignant observations and her desire to join the wedding she watches from the sidelines.",,https://covers.openlibrary.org/b/id/394706-M.jpg
The Awakening,Kate Chopin,Classic literature,4.3,"The novel follows Edna Pontellier, a newlywed in late 19th-century Louisiana, as she grapples with societal expectations and her own desires for independence and artistic expression. Through her increasingly solitary excursions and strained relationships, Chopin explores themes of gender roles, self-actualization, and the oppressive constraints of domestic life.",,https://covers.openlibrary.org/b/id/8750241-M.jpg
My Antonia,Willa Cather,Historical Fiction,4.2,"Set in the late 19th-century Great Plains, the novel follows the friendship between Jim Burden and Antonia Shimerda as they navigate the hardships of pioneer life. Themes of memory, identity, and the clash between immigrant heritage and American frontier ideals are woven through their shared journey.",,https://covers.openlibrary.org/b/id/8369013-M.jpg
The Death of the Heart,John D. MacDonald,Mystery,3.5,"A heart transplant patient finds himself entangled in a web of deceit when the donor's past resurfaces, threatening both his life and the lives of those around him. The novel explores themes of identity, morality, and the fragility of human connections.",,https://covers.openlibrary.org/b/id/71487-M.jpg
A Room of One's Own,Virginia Woolf,Essay / Feminist Literature,4.5,"In this seminal essay, Woolf argues that a woman must have both financial independence and a personal space to write, using a fictional narrative of a woman writer to illustrate her points. The work critiques gender inequality in literary history and advocates for women's intellectual freedom and creative autonomy.",,https://covers.openlibrary.org/b/id/6559057-M.jpg
The Good Earth,Pearl S. Buck,Historical Fiction,4.5,"The novel follows the life of Wang Lung, a Chinese peasant who rises from poverty to wealth through hard work and perseverance, only to face the moral and social challenges that accompany his newfound status. Themes of land, family, and the cyclical nature of fortune underscore the enduring human struggle for dignity and belonging.",,https://covers.openlibrary.org/b/id/2626823-M.jpg
The Painted Veil,W. Somerset Maugham,Historical Fiction,4.2,"A disillusioned couple, Kitty and Walter Fane, travel to a cholera-stricken Chinese village where their marriage is tested by betrayal, illness, and the harsh realities of colonial life. The novel explores themes of redemption, the fragility of human relationships, and the transformative power of confronting one's own flaws.",,https://covers.openlibrary.org/b/id/745008-M.jpg
Of Human Bondage,W. Somerset Maugham,Literary Fiction,4.2,"The novel follows Philip Carey, a young man with a club foot, as he navigates a life of poverty, ambition, and unrequited love in early 20th-century England and Paris. Themes of self-discovery, the struggle for artistic fulfillment, and the complexities of human relationships are explored through his relentless pursuit of meaning and acceptance.",,https://covers.openlibrary.org/b/id/5277723-M.jpg
The Razor's Edge,W. Somerset Maugham,Literary Fiction,4.2,"A young war veteran, Larry Darrell, abandons conventional success to pursue a spiritual quest in the Himalayas, while his friends grapple with the choices of love, ambition, and societal expectations. The novel explores themes of destiny, the search for meaning, and the tension between materialism and transcendence.",,https://covers.openlibrary.org/b/id/97505-M.jpg
Brideshead Revisited,Evelyn Waugh,Historical Fiction,4.5,"Set in pre‑World War II England, the novel follows Charles Ryder’s nostalgic journey through the aristocratic world of the Flyte family, exploring themes of faith, love, and the decline of the British aristocracy. Through lush prose and complex characters, Waugh examines the interplay between personal desire and societal expectation, ultimately questioning the permanence of tradition.",,https://covers.openlibrary.org/b/id/2560441-M.jpg
A Confederacy of Dunces,John Kennedy Toole,"Comedy, Satire",4.5,"Set in 1960s New Orleans, the novel follows Ignatius J. Reilly, an eccentric, self-proclaimed intellectual, as he navigates a series of misadventures that expose the absurdities of modern society. Through his encounters with a colorful cast of characters, the book satirizes cultural pretensions, bureaucratic incompetence, and the clash between tradition and progress.",,https://covers.openlibrary.org/b/id/2195715-M.jpg
The Moviegoer,Walker Percy,Philosophical Fiction,4.2,"In the quiet streets of New Orleans, a young man named Binx Bolling seeks meaning through a series of chance encounters and cinematic escapades, confronting the absurdity of existence. The novel weaves existential questions with Southern cultural texture, exploring identity, faith, and the search for authenticity.",,https://covers.openlibrary.org/b/id/291181-M.jpg
Rabbit Is Rich,John Updike,Literary Fiction,4.2,"The novel follows the life of Harry ""Rabbit"" Angstrom as he navigates the complexities of suburban life, career, and personal relationships in the 1970s, culminating in a pivotal decision that reshapes his future. Themes of identity, ambition, and the elusive pursuit of the American Dream are explored through vivid prose and introspective dialogue.",,https://covers.openlibrary.org/b/id/291193-M.jpg
The Corrections,Jonathan Franzen,Literary Fiction,4.2,"The Corrections follows the dysfunctional Lambert family as they confront personal and societal upheavals during a cross-country trip, revealing generational tensions and the fragility of American suburban life. Themes of identity, responsibility, and the search for meaning intertwine with sharp social commentary on modern America.",,https://covers.openlibrary.org/b/id/9273701-M.jpg
"Rabbit, Run",John Updike,Literary Fiction,4.2,"The novel follows Harry ""Rabbit"" Angstrom, a disenchanted suburban husband who abandons his family to escape the monotony of his life, only to find that freedom comes with its own set of challenges. Through Rabbit's restless journey, Updike explores themes of escape, identity, and the elusive pursuit of the American Dream.",,https://covers.openlibrary.org/b/id/13028851-M.jpg
Middlesex,Jeffrey Eugenides,Historical Fiction,4.5,"The novel follows the life of Cal, an intersex man, tracing his Greek immigrant family's history across three generations in Detroit, while exploring themes of identity, gender, and the American Dream. Through lush prose and a sweeping narrative, Eugenides examines how biology, culture, and fate intertwine to shape personal destiny.",,https://covers.openlibrary.org/b/id/12367196-M.jpg
White Noise,Don DeLillo,Literary Fiction,4.2,"The novel follows the life of a middle‑aged professor and his family as they confront the pervasive presence of media, technology, and death in contemporary America. Through surreal humor and sharp social critique, DeLillo explores the anxieties of consumer culture, the fragility of human connection, and the relentless march of information overload.",,https://covers.openlibrary.org/b/id/94015-M.jpg
American Pastoral,Philip Roth,Literary Fiction,4.2,"Set in the 1960s and 1970s, the novel follows Seymour ""Swede"" Levov, a successful suburban businessman whose idyllic life is shattered when his daughter, Willa, becomes involved in radical anti‑war activism. Through Swede’s perspective, the story explores the clash between the American Dream and the turbulent social upheavals of the era, examining themes of identity, conformity, and the fragility of personal and national myths.",,https://covers.openlibrary.org/b/id/9322643-M.jpg
Rabbit at Rest,John Updike,Literary Fiction,4.2,"The novel follows the life of Harry ""Rabbit"" Angstrom as he navigates the complexities of suburban existence, reflecting on his past choices and the search for meaning in a changing America. Through introspective monologues and vivid social commentary, Updike explores themes of aging, identity, and the elusive pursuit of personal fulfillment.",,https://covers.openlibrary.org/b/id/291207-M.jpg
Catch-22,Joseph Heller,Satirical war novel,4.5,"Set during World War II, the novel follows Captain John Yossarian as he navigates the absurdities of military bureaucracy and the paradoxical 'Catch-22' that keeps him from being grounded. Through dark humor and relentless satire, Heller exposes the futility of war and the dehumanizing effects of institutional logic.",,https://covers.openlibrary.org/b/id/6468653-M.jpg
Something Happened,Alexandra Grey,Historical Fiction,4.3,"In the aftermath of World War II, a young woman discovers a hidden diary that reveals her family's secret involvement in the resistance. The novel weaves themes of memory, identity, and the enduring impact of past choices.",,https://covers.openlibrary.org/b/id/4467955-M.jpg
The Bell Jar,Sylvia Plath,Literary Fiction,4.2,"The Bell Jar follows 19-year-old Esther Greenwood as she navigates the pressures of academia, fame, and mental illness, culminating in a harrowing descent into depression and a desperate search for identity. Through its stark prose and intimate diary-like narrative, the novel explores themes of gender roles, existential angst, and the fragility of the human psyche.",,https://covers.openlibrary.org/b/id/8477115-M.jpg
The Master and Margarita,Mikhail Bulgakov,Satirical Fantasy,4.5,"In Soviet Moscow, the Devil visits and wreaks havoc while a writer, the Master, and his lover, Margarita, confront the forces of good and evil. The novel weaves surreal encounters with philosophical musings on art, morality, and the nature of reality.",,https://covers.openlibrary.org/b/id/881855-M.jpg
Doctor Zhivago,Boris Pasternak,Historical Fiction,4.5,"Set against the backdrop of the Russian Revolution and Civil War, the novel follows Yuri Zhivago as he navigates love, loss, and the clash between personal desire and political upheaval. Themes of resilience, the fragility of art, and the enduring human spirit weave through his tragic romance with Lara.",,https://covers.openlibrary.org/b/id/12713393-M.jpg
If on a winter's night a traveler,Italo Calvino,Experimental Fiction / Postmodern,4.2,"The novel follows a reader who attempts to purchase a book titled *If on a winter's night a traveler*, only to find that each copy he receives is a different, incomplete narrative, forcing him to confront the fragmented nature of storytelling. Through this metafictional maze, Calvino explores themes of reader agency, the elusive search for meaning, and the interplay between authorial intent and audience interpretation.",,https://covers.openlibrary.org/b/id/12007967-M.jpg
An Artist of the Floating World,Unknown,General,3.5,Auto-generated placeholder record.,,https://covers.openlibrary.org/b/id/4342830-M.jpg
White Teeth,Zadie Smith,Literary fiction,4.2,"White Teeth follows the intertwined lives of two London families, the Joneses and the Iqbals, as they navigate cultural identity, immigration, and the legacy of colonialism. The novel blends humor and tragedy to explore themes of generational conflict, multiculturalism, and the search for belonging.",,https://covers.openlibrary.org/b/id/5276331-M.jpg
Small Island,Andrea Levy,Historical Fiction,4.5,"The novel follows the intertwined lives of two Jamaican immigrants, Linton and Yvonne, as they navigate the challenges of post‑war Britain, while their families back home face the aftermath of the 1948 Windrush generation. Themes of identity, belonging, and the lingering effects of colonialism are explored through their personal struggles and hopeful aspirations.",,https://covers.openlibrary.org/b/id/181927-M.jpg
The God of Small Things,Arundhati Roy,Literary Fiction,4.5,"Set in the 1960s in the Indian town of Ayemenem, the novel follows the tragic childhood of fraternal twins Rahel and Estha as their family’s secrets unravel, revealing the devastating impact of caste, class, and forbidden love. Through lyrical prose and a non-linear narrative, Roy explores how small acts of kindness and cruelty shape destinies, underscoring the power of memory and the fragility of human connections.",,https://covers.openlibrary.org/b/id/10513792-M.jpg
Midnight's Children,Salman Rushdie,Historical Fiction,4.5,"Midnight's Children follows the life of Saleem Sinai, born at the moment of India's independence, whose telepathic powers mirror the nation's tumultuous history. The novel weaves personal and political narratives, exploring themes of identity, memory, and the blurred line between myth and reality.",,https://covers.openlibrary.org/b/id/8346713-M.jpg
The Moor's Last Sigh,Salman Rushdie,Historical Fiction,4.2,"The novel follows the life of the last descendant of a wealthy Indian family, weaving together the personal and the political as he navigates the tumultuous history of India from the 1940s to the 1990s. Themes of identity, memory, and the clash between tradition and modernity are explored through a blend of magical realism and sharp social commentary.",,https://covers.openlibrary.org/b/id/8304194-M.jpg
The Inheritance of Loss,Kiran Desai,Literary Fiction,4.3,"The novel follows the intertwined lives of a young Indian girl, her grandfather, and a Nepali immigrant in New Delhi, exploring the lingering effects of colonialism and the complexities of identity in a globalized world. Themes of displacement, generational conflict, and the clash between tradition and modernity are woven through the characters' struggles with loss and belonging.",,https://covers.openlibrary.org/b/id/5728169-M.jpg
Sea of Poppies,Amitav Ghosh,Historical Fiction,4.2,"A group of diverse strangers aboard the ship ""Maya"" are thrust into the turbulent aftermath of the 1857 Indian Rebellion, weaving a tale of survival, colonial exploitation, and the search for identity. The novel explores themes of displacement, cultural hybridity, and the enduring impact of history on personal destiny.",,https://covers.openlibrary.org/b/id/6956953-M.jpg
The Hungry Tide,Amitav Ghosh,Historical Fiction,4.2,"Set in the Sundarbans of West Bengal, the novel follows the journey of a marine biologist and a local fisherman as they confront the ecological and social challenges of the delta, while unraveling a mystery that threatens their lives. Themes of environmental stewardship, cultural identity, and the resilience of marginalized communities weave through their intertwined destinies.",,https://covers.openlibrary.org/b/id/10290-M.jpg
Interpreter of Maladies,Jhumpa Lahiri,Contemporary Fiction,4.5,"The collection weaves together the lives of Indian immigrants in America, exploring the subtle tensions between longing and belonging. Through intimate vignettes, Lahiri examines identity, communication, and the quiet tragedies that shape everyday existence.",,https://covers.openlibrary.org/b/id/4915588-M.jpg
The Poisonwood Bible,Barbara Kingsolver,Historical Fiction,4.5,"Set in 1960s Congo, the novel follows the Price family as they navigate cultural clashes and political upheaval after their missionary wife brings her four daughters to a remote village. Through interwoven perspectives, Kingsolver examines colonialism, faith, and the complexities of family dynamics amid societal change.",,https://covers.openlibrary.org/b/id/853663-M.jpg
Prodigal Summer,Unknown,General,3.5,Auto-generated placeholder record.,,https://covers.openlibrary.org/b/id/23515-M.jpg
Olive Kitteridge,Elizabeth Strout,Literary Fiction,4.5,"Olive Kitteridge, a stern yet deeply caring schoolteacher in a small Maine town, navigates the complexities of love, loss, and community through a series of interconnected vignettes. The novel explores themes of isolation, resilience, and the quiet power of ordinary acts of kindness.",,https://covers.openlibrary.org/b/id/2733808-M.jpg
My Brilliant Friend,Elena Ferrante,Historical Fiction,4.5,"Set in post-war Naples, the novel follows the lifelong friendship between Elena Greco and Lila Cappello as they navigate poverty, ambition, and the shifting social landscape of Italy. Their bond, marked by fierce loyalty and rivalry, explores themes of female empowerment, class struggle, and the complexities of memory and identity.",,https://covers.openlibrary.org/b/id/8801023-M.jpg
Disgrace,J. M. Coetzee,Literary Fiction,4.2,"A disgraced professor returns to his South African farm, confronting the consequences of his past actions and the complexities of post-apartheid society. The novel explores themes of personal responsibility, power dynamics, and the search for redemption amid social upheaval.",,https://covers.openlibrary.org/b/id/11434870-M.jpg
Waiting for the Barbarians,J. M. Coetzee,Political Fiction,4.2,"In a nameless empire, a magistrate grapples with the morality of his duty as he confronts the arrival of barbarian captives, exposing the cruelty of colonial authority. The novel interrogates power, complicity, and the human cost of dehumanizing the ""other"".",,https://covers.openlibrary.org/b/id/6984133-M.jpg
Life & Times of Michael K,John Steinbeck,Historical Fiction,4.2,"A young man named Michael K, a former soldier, struggles to survive in a war-torn landscape while confronting the moral ambiguities of his past. The novel explores themes of identity, redemption, and the human cost of conflict.",,https://covers.openlibrary.org/b/id/12703026-M.jpg
The English Patient,Michael Ondaatje,Historical Fiction,4.5,"Set during World War II, the novel follows a critically burned English patient in an Italian villa, whose memories of love, war, and identity are revealed through the eyes of a nurse and a cook. Through interwoven narratives, Ondaatje explores the fragility of memory, the enduring impact of trauma, and the complex interplay between personal desire and historical forces.",,https://covers.openlibrary.org/b/id/417585-M.jpg
Anil's Ghost,Khaled Hosseini,Historical Fiction,4.3,"A forensic anthropologist in Kabul uncovers a buried truth about a missing soldier, forcing him to confront the horrors of war and his own past. The novel weaves themes of memory, identity, and the lingering scars of conflict into a gripping narrative.",,https://covers.openlibrary.org/b/id/4527709-M.jpg
Brick Lane,Monica Ali,Contemporary Fiction,4.2,"A young Bangladeshi woman in London navigates love, identity, and cultural expectations while her husband’s past threatens to unravel her new life. Themes of diaspora, resilience, and the search for belonging weave through her quiet, yet powerful, journey.",,https://covers.openlibrary.org/b/id/473300-M.jpg
The Buddha of Suburbia,Hanif Kureishi,Contemporary Fiction,4.2,"A young, mixed-race Londoner navigates adolescence, sexuality, and identity while becoming a media sensation, all set against the backdrop of 1970s Britain. The novel explores themes of cultural hybridity, class mobility, and the search for authenticity in a rapidly changing society.",,https://covers.openlibrary.org/b/id/95147-M.jpg
No Country for Old Men,Cormac McCarthy,Thriller,4.3,"A hitman, a sheriff, and a desperate gambler collide in a post‑World War II Texas border town after a drug deal goes wrong, sparking a relentless chase for a satchel of stolen money. The novel explores fate, violence, and the erosion of moral certainty in a harsh, unforgiving landscape.",,https://covers.openlibrary.org/b/id/9296899-M.jpg
All the Pretty Horses,Cormac McCarthy,Literary Fiction / Western,4.2,"A young Texas rancher, John Grady Cole, leaves home to chase the romanticized dream of the Mexican ranch life, only to confront the harsh realities of love, loss, and the erosion of traditional values. The novel weaves themes of identity, the clash between modernity and heritage, and the bittersweet pursuit of an idealized past.",,https://covers.openlibrary.org/b/id/9296904-M.jpg
Blood Meridian,Cormac McCarthy,Western / Historical Fiction,4.7,"Set in the 1850s American Southwest, the novel follows the Kid, a teenage runaway who joins a brutal army of Indian-hunters led by the enigmatic Judge Holden, as they wage a campaign of bloodshed across the borderlands. Themes of violence, morality, and the nature of evil are explored through stark, poetic prose and relentless action.",,https://covers.openlibrary.org/b/id/419991-M.jpg
The Things They Carried,Tim O'Brien,War Fiction,4.5,"The book follows a platoon of U.S. soldiers in Vietnam, chronicling the physical and emotional burdens they carry, from weapons to memories. Through interwoven stories, O'Brien explores the blurred line between truth and fiction, the weight of guilt, and the enduring impact of war on identity.",,https://covers.openlibrary.org/b/id/12639079-M.jpg
The Man in the High Castle,Philip K. Dick,Science Fiction / Alternate History,4.2,"In a world where the Axis powers won World War II, the United States is split into the Greater Nazi Reich, the Japanese Pacific States, and a neutral zone, and a mysterious book reveals a different outcome to the war. The novel explores themes of reality, identity, and the fragility of truth through the lives of its characters as they confront the oppressive regimes and the possibility of alternate histories.",,https://covers.openlibrary.org/b/id/420452-M.jpg
The Last Battle,C. S. Lewis,Fantasy,4.5,"In the final Narnia adventure, the land is threatened by a tyrannical ape king who deceives the inhabitants into believing he is the rightful ruler, while the true king, Aslan, returns to restore order. The novel explores themes of faith, sacrifice, and the battle between good and evil, culminating in a poignant farewell to the beloved world of Narnia.",,https://covers.openlibrary.org/b/id/6529226-M.jpg
The Neverending Story,Michael Ende,Fantasy,4.2,"The novel follows Bastian Balthazar Bux, a shy boy who discovers a magical book that transports him into the world of Fantasia, where he must help the Childlike Empress save her realm from the Nothing. Themes of imagination, self-discovery, and the power of storytelling intertwine as Bastian confronts his fears and learns that the greatest adventures begin within.",,https://covers.openlibrary.org/b/id/13200934-M.jpg
The Princess Bride,William Goldman,Fantasy,4.5,"A swashbuckling fairy tale that follows the quest of Westley to rescue his true love, Buttercup, from the clutches of a tyrannical prince, blending romance, adventure, and dark humor. Themes of true love, revenge, and the power of storytelling underscore the narrative’s enduring charm.",,https://covers.openlibrary.org/b/id/9284881-M.jpg
The Once and Future King,T. H. White,Fantasy,4.5,"The novel retells the Arthurian legend through a series of interconnected stories, following Arthur's rise to kingship and his eventual downfall. It explores themes of power, morality, and the cyclical nature of history, blending mythic adventure with philosophical introspection.",,https://covers.openlibrary.org/b/id/6630521-M.jpg
Good Omens,Neil Gaiman and Terry Pratchett,Fantasy / Satire,4.5,"A mischievous angel and a demon team up to prevent the apocalypse, blending humor with apocalyptic stakes, while exploring themes of free will, friendship, and the absurdity of bureaucracy. Their unlikely partnership highlights the absurdity of human institutions and the enduring power of cooperation in the face of cosmic chaos.",,https://covers.openlibrary.org/b/id/10482258-M.jpg
A Clockwork Orange,Anthony Burgess,Dystopian Fiction,4.5,"The novel follows Alex, a teenage delinquent who leads a gang of ""droogs"" through violent acts in a dystopian future, only to be subjected to state-sponsored psychological conditioning. It explores themes of free will, the nature of evil, and the consequences of attempting to eradicate violence through manipulation.",,https://covers.openlibrary.org/b/id/13151224-M.jpg
The Passage,Justin Cronin,Post-apocalyptic fiction,4.2,"The Passage follows a desperate government experiment that unleashes a vampiric plague, forcing a small group of survivors to navigate a world overrun by the undead. Themes of humanity, sacrifice, and the moral cost of scientific ambition are explored as the characters confront both external threats and internal divisions.",,https://covers.openlibrary.org/b/id/8261369-M.jpg
The Autumn of the Patriarch,Gabriel García Márquez,Magical Realism,4.3,"The novel chronicles the life of a tyrannical Caribbean dictator, weaving his personal and political excesses into a surreal tapestry that blurs the line between myth and reality. Through lush, repetitive prose, García Márquez explores the cyclical nature of power, the erosion of humanity, and the haunting persistence of memory.",,https://covers.openlibrary.org/b/id/15114341-M.jpg
Chronicle of a Death Foretold,Gabriel García Márquez,Literary Fiction,4.5,"In a small Colombian town, the murder of Santiago Nasar is foretold yet inevitable, as the community's collective denial and fatalism unravel the truth. The novel explores themes of honor, fate, and the paradox of knowledge, revealing how social expectations can both predict and prevent tragedy.",,https://covers.openlibrary.org/b/id/12198662-M.jpg
No One Writes to the Colonel,Gabriel García Márquez,Magical Realism,4.3,"The story follows an elderly colonel in a small Colombian town who waits for a pension that never arrives, embodying the quiet dignity and frustration of a forgotten veteran. Themes of hope, patience, and the absurdity of bureaucratic neglect are interwoven with subtle magical realism, reflecting the broader socio-political climate of Latin America.",,https://covers.openlibrary.org/b/id/6786365-M.jpg
The Passionate Friends,Henry James,Literary Fiction,4.2,"The novel follows the complex romantic entanglements of a young American woman, her English husband, and a charismatic Englishman, exploring the tensions between passion and propriety in late 19th-century society. Through nuanced character development, James examines the moral ambiguities of love, the constraints of social expectations, and the psychological costs of unfulfilled desire.",,https://covers.openlibrary.org/b/id/1450896-M.jpg
Wide Sargasso Sea,Jean Rhys,Literary Fiction,4.2,"Set in the Caribbean before the American Revolution, the novel follows Antoinette Cosway, a white Creole heiress, as she navigates colonial power, cultural identity, and the psychological trauma of her marriage to a British man. Themes of colonialism, gender, and the haunting legacy of slavery intertwine to reimagine the backstory of the infamous ""Black Maria"" from Jane Eyre.",,https://covers.openlibrary.org/b/id/9269373-M.jpg
"Good Morning, Midnight",Unknown,General,3.5,Auto-generated placeholder record.,,https://covers.openlibrary.org/b/id/248444-M.jpg
The Driver's Seat,Ruth Rendell,Psychological Thriller,4.2,"A young woman, desperate to escape her abusive marriage, plans a daring escape that spirals into a deadly cat-and-mouse game with her husband and the police. The novel explores themes of control, freedom, and the psychological toll of domestic violence.",,https://covers.openlibrary.org/b/id/6794461-M.jpg
The Golden Notebook,Doris Lessing,Literary Fiction,4.2,"The novel follows the life of writer Anna Wulf as she attempts to reconcile her fragmented personal and political identities by compiling four notebooks, each representing a different aspect of her life. Through this metafictional structure, Lessing explores themes of feminism, mental illness, and the interplay between personal narrative and historical context.",,https://covers.openlibrary.org/b/id/42601-M.jpg
The Fifth Child,Doris Lessing,Fiction (Family Drama),4.2,"In a quiet English suburb, a family welcomes a new baby who seems to bring both wonder and terror, as the child’s unsettling behavior threatens to unravel the household’s sense of normalcy. The novel explores themes of motherhood, societal expectations, and the thin line between love and fear.",,https://covers.openlibrary.org/b/id/8778074-M.jpg
The Grass is Singing,Doris Lessing,Literary Fiction,4.2,"The novel follows Ruth, a young white woman living on a South African farm, as she grapples with the oppressive racial and gender dynamics of colonial society and the complexities of her own identity. Through her tragic relationships and the harsh realities of the land, Lessing explores themes of isolation, colonial injustice, and the fragile nature of human connection.",,https://covers.openlibrary.org/b/id/296181-M.jpg
Song of Solomon,Toni Morrison,Historical Fiction,4.5,"The novel follows the life of Macon ""Milkman"" Dead, a young African American man who embarks on a quest to uncover his family's past and the origins of his own identity. Through his journey, Morrison explores themes of heritage, self-discovery, and the complex legacy of slavery in contemporary America.",,https://covers.openlibrary.org/b/id/9317262-M.jpg
The Bluest Eye,Toni Morrison,Literary Fiction,4.5,"The novel follows Pecola Breedlove, a young African American girl in 1940s Ohio, whose longing for blue eyes leads her into a tragic spiral of self-hatred and abuse. Through her story, Morrison examines the destructive impact of internalized racism, beauty standards, and the longing for acceptance in a society that marginalizes Black bodies.",,https://covers.openlibrary.org/b/id/15152696-M.jpg
Native Son,Richard Wright,African-American literature,4.2,"Set in 1930s Chicago, the novel follows Bigger Thomas, a young Black man whose accidental act of violence spirals into a tragic chain of events that expose systemic racism and class oppression. Through Bigger's desperate attempts to survive, Wright examines the psychological impact of segregation, the myth of the ""black criminal"", and the broader social forces that shape individual destiny.",,https://covers.openlibrary.org/b/id/10830375-M.jpg
Go Tell It on the Mountain,James Baldwin,"Fiction (African-American literature, coming-of-age, religious themes)",4.2,"The novel follows 17-year-old John Grimes as he navigates the complexities of faith, family, and identity in 1930s Harlem, culminating in a dramatic confrontation with his father and the church. Through vivid prose, Baldwin explores themes of sin, redemption, and the enduring struggle for self‑acceptance within the African‑American experience.",,https://covers.openlibrary.org/b/id/97426-M.jpg
Giovanni's Room,James Baldwin,Literary Fiction,4.5,"Set in 1950s Paris, the novel follows an unnamed American man's affair with the Italian bartender Giovanni, exploring themes of identity, sexuality, and societal expectations. The story culminates in a tragic confrontation that forces the protagonist to confront his own denial and the consequences of his choices.",,https://covers.openlibrary.org/b/id/97395-M.jpg
The Women of Brewster Place,Gloria Naylor,Contemporary Fiction,4.3,"The novel follows a group of women living in the cramped, decaying Brewster Place in Harlem, each grappling with personal struggles, trauma, and resilience. Through interwoven stories, Naylor explores themes of community, identity, and the enduring strength of women in the face of poverty and systemic oppression.",,https://covers.openlibrary.org/b/id/5081997-M.jpg
"Brown Girl, Brownstones",Ntozake Shange,African American literature,4.2,"The novel follows the life of a young African American woman in Harlem as she navigates love, ambition, and the complexities of her family's legacy, all while confronting the societal expectations of race and gender. Through lyrical prose and vivid character development, Shange explores themes of identity, resilience, and the pursuit of personal freedom within a rapidly changing urban landscape.",,https://covers.openlibrary.org/b/id/6793822-M.jpg
Half of a Yellow Sun,Chimamanda Ngozi Adichie,Historical Fiction,4.5,"Set against the backdrop of the Biafran War, the novel follows the intertwined lives of a Nigerian couple, a British scholar, and a young woman as they navigate love, loyalty, and survival amid political turmoil. Themes of identity, colonial legacy, and the human cost of conflict are explored through vivid, emotionally resonant storytelling.",,https://covers.openlibrary.org/b/id/8472660-M.jpg
Purple Hibiscus,Chimamanda Ngozi Adichie,Contemporary Fiction,4.5,"Set in postcolonial Nigeria, the novel follows 15‑year‑old Kambili as she navigates her oppressive father’s strict Catholicism and the family’s hidden secrets, ultimately finding her voice through the liberating influence of her aunt’s home. Through vivid portrayals of family dynamics, religious fervor, and the struggle for personal freedom, Adichie explores themes of silence, resilience, and the transformative power of love.",,https://covers.openlibrary.org/b/id/12063933-M.jpg
No Longer at Ease,Chinua Achebe,Postcolonial fiction,4.2,"The novel follows Obi Okonkwo, a young Nigerian civil servant who struggles to reconcile his traditional upbringing with the corrupt realities of colonial administration, ultimately leading to a moral crisis. Through Obi's internal conflict and eventual downfall, Achebe critiques the erosion of cultural identity and the seductive allure of Western materialism in post‑independence Nigeria.",,https://covers.openlibrary.org/b/id/12707788-M.jpg
Arrow of God,Chinua Achebe,Historical Fiction,4.5,"Set in 1930s Nigeria, the novel follows Okeke, a traditional ruler of Umuofia, as he navigates the encroaching influence of British colonialism and the internal pressures of his own community. Through Okeke's struggles, Achebe explores themes of cultural clash, leadership, and the resilience of indigenous identity.",,https://covers.openlibrary.org/b/id/7135325-M.jpg
The Famished Road,Ben Okri,Magical realism,4.5,"In a Nigerian slum, a boy named Azaro is born as a spirit-child who must navigate the boundaries between the living and the dead, while his family struggles with poverty and political turmoil. The novel explores themes of faith, resilience, and the power of storytelling as Azaro learns to harness his supernatural gifts to survive and protect his loved ones.",,https://covers.openlibrary.org/b/id/13858305-M.jpg
The Ministry of Utmost Happiness,Arundhati Roy,Contemporary Fiction,4.2,"The novel follows the lives of several characters in contemporary India, weaving their stories through the backdrop of political unrest and personal longing. Themes of love, identity, and the clash between tradition and modernity are explored with lyrical prose and sharp social commentary.",,https://covers.openlibrary.org/b/id/8055065-M.jpg
Embassy of Cambodia,Zadie Smith,General,3.5,Auto-generated placeholder record.,,https://covers.openlibrary.org/b/id/7613598-M.jpg
The Brief Wondrous Life of Oscar Wao,Junot Díaz,Contemporary Fiction,4.5,"Oscar de León, a Dominican-American teenager, struggles with his identity and love for a girl while his family’s cursed past looms over him. The novel weaves magical realism, historical trauma, and humor to explore diaspora, masculinity, and the weight of generational curses.",,https://covers.openlibrary.org/b/id/12451659-M.jpg
Lost Children Archive,Valeria Luiselli,General,3.5,Auto-generated placeholder record.,,https://covers.openlibrary.org/b/id/9255895-M.jpg
The Known World,Edward P. Jones,Historical Fiction,4.5,"Set in 1850s Virginia, the novel follows a former slave who becomes a slave owner, exploring the moral complexities of power and freedom. It examines the paradoxes of human nature, the bonds of family, and the enduring impact of slavery on American society.",,https://covers.openlibrary.org/b/id/34376-M.jpg
The Sellout,Paul Beatty,Satire,4.3,"In a racially divided Los Angeles, a rebellious teenager reinstates segregation to expose systemic injustice, sparking a national debate on identity and equality. The novel blends sharp humor with poignant social critique, challenging readers to confront uncomfortable truths about race, privilege, and the American Dream.",,https://covers.openlibrary.org/b/id/7897222-M.jpg
The Sympathizer,Viet Thanh Nguyen,Historical Fiction,4.5,"A former South Vietnamese spy, now a double agent for the Viet Cong, navigates the chaotic aftermath of the Vietnam War while grappling with identity, loyalty, and the lingering trauma of war. Through his internal monologue and sharp social commentary, the novel exposes the complexities of exile, memory, and the moral ambiguities of political allegiance.",,https://covers.openlibrary.org/b/id/7913176-M.jpg
The Luminaries,Eleanor Catton,Historical Fiction,4.5,"In 1866 New Zealand, a young prospector’s disappearance triggers a web of intrigue that intertwines love, betrayal, and the pursuit of wealth. The novel explores fate, morality, and the complex interplay of human ambition against the backdrop of a gold rush society.",,https://covers.openlibrary.org/b/id/7268574-M.jpg
Lincoln in the Bardo,George Saunders,Historical Fiction,4.2,"Set in the night of President Abraham Lincoln’s death, the novel follows the spirits of his son Willie and other dead souls in a Boston cemetery’s bardo, a liminal space between life and death, as they confront grief, memory, and the weight of history. Through a chorus of voices and a blend of humor and pathos, Saunders explores the nature of mourning, the power of narrative, and the enduring impact of the Civil War on American identity.",,https://covers.openlibrary.org/b/id/7909378-M.jpg
Tenth of December,David Sedaris,Humor,4.3,"Tenth of December is a collection of witty, autobiographical short stories that explore the absurdities of everyday life, from awkward family gatherings to the quirks of American culture. Sedaris blends humor with poignant introspection, offering a candid look at identity, memory, and the human condition.",,https://covers.openlibrary.org/b/id/8346437-M.jpg
The Overstory,Richard Powers,Literary Fiction,4.5,"The novel weaves together the lives of nine disparate characters whose stories intersect through their shared connection to trees, ultimately revealing humanity’s fragile relationship with the natural world. Through lush prose and interlaced narratives, Powers explores themes of environmental stewardship, memory, and the unseen forces that shape our existence.",,https://covers.openlibrary.org/b/id/8758252-M.jpg
The Arrival,Shaun Tan,Graphic Novel,4.8,"The Arrival follows a young immigrant's journey to a strange new land, depicted through evocative illustrations that capture the disorientation and hope of starting over. Themes of resilience, cultural adaptation, and the universal search for belonging are woven into a silent narrative that speaks to readers of all ages.",,https://covers.openlibrary.org/b/id/1230299-M.jpg
Watchmen,Alan Moore,Graphic Novel,4.5,"Set in an alternate 1985 America, Watchmen follows a group of retired superheroes as they investigate a conspiracy that threatens national security. The story explores themes of morality, power, and the cost of vigilantism.",,https://covers.openlibrary.org/b/id/7774899-M.jpg
Maus,Art Spiegelman,Graphic Novel,4.5,"Maus is a powerful autobiographical graphic novel that chronicles the author's father's survival of the Holocaust, depicted through anthropomorphic animals, with the Nazis as cats and Jews as mice. The narrative intertwines past and present, exploring trauma, memory, and the complexities of father-son relationships while offering a stark critique of historical atrocities.",,https://covers.openlibrary.org/b/id/10210168-M.jpg
Persepolis,Marjane Satrapi,Graphic Novel / Memoir,4.5,"Persepolis follows the childhood and early adult years of Marjane Satrapi in Iran during and after the Islamic Revolution, blending personal anecdotes with historical events. The story explores themes of identity, resistance, and the clash between tradition and modernity through a poignant, visually striking narrative.",,https://covers.openlibrary.org/b/id/12648921-M.jpg
The Periodic Table,Unknown,General,3.5,Auto-generated placeholder record.,,https://covers.openlibrary.org/b/id/7384227-M.jpg
